model,MAE,RMSE,n_pairs
ItemItemCF(k=10),0.6802141143843122,0.9076812526428932,10234
